EmployeeID,Name,Department,Age,Salary,Experience,PerformanceScore
101,Toni Kroos,HR,28,45000,3,8
102,Luka Modric,Finance,35,65000,8,9
103,Diogo Jota,IT,30,72000,5,7
104,Casemiro,Marketing,27,50000,2,8
105,Zidane,Sales,32,68000,6,9
106,Nacho,IT,40,90000,12,10
107,Sergio Ramos,Finance,29,62000,4,7
108,Federico Valverde,HR,31,48000,5,8
109,James Rodrigues,Sales,26,43000,2,6
110,Mateo Kovacic,Marketing,38,75000,10,9
111,Messi,IT,29,70000,4,8
112,Cristiano,Finance,34,69000,7,9
113,Mbappe,Sales,36,71000,8,8
114,Harry Kane,HR,25,42000,1,7
115,Paulo Dybala,Marketing,33,67000,6,9